Country / Region,2017 (standard patents (R)),2018 (standard patents (R)),2019 (standard patents (R)),2020 (standard patents (R)),2021 (standard patents (R))
ALGERIA,0,1,0,0,0
ANGUILLA,0,0,0,1,1
ANTIGUA AND BARBUDA,0,1,5,5,7
ARGENTINA,1,0,0,0,0
ARUBA,0,0,0,0,1
AUSTRALIA,85,110,82,89,110
AUSTRIA,46,46,20,35,58
BAHAMAS,10,5,5,2,1
BANGLADESH,0,0,0,1,0
BARBADOS,19,11,12,19,4
BELARUS,1,0,0,0,1
BELGIUM,42,83,66,66,81
BERMUDA,7,10,4,5,18
BRAZIL,4,4,4,3,5
BRITISH INDIAN OCEAN TERRITORY,0,0,0,0,1
BULGARIA,1,1,2,1,0
CANADA,115,195,154,188,221
CAYMAN ISLANDS,271,235,254,299,1165
CHILE,2,1,1,1,1
CHINA,345,577,483,578,3446
COLOMBIA,0,1,0,1,2
COSTA RICA,0,0,0,0,1
CUBA,1,2,2,0,1
CURACAO,2,3,1,1,0
CYPRUS,5,5,6,7,10
CZECHIA,3,3,4,2,5
DENMARK,47,64,35,45,81
EGYPT,1,0,0,1,0
ESTONIA,0,1,0,0,0
FINLAND,71,116,95,107,122
FRANCE,184,235,157,183,242
GERMANY,486,736,457,516,660
GREECE,2,1,5,3,3
"HONG KONG, CHINA",96,161,107,139,280
HUNGARY,4,7,3,3,9
ICELAND,1,1,0,0,4
INDIA,15,16,16,17,29
INDONESIA,0,1,0,0,0
IRELAND,38,72,54,66,105
ISRAEL,51,89,47,55,101
ITALY,138,169,103,114,176
JAPAN,887,1152,681,718,1076
KAZAKHSTAN,0,1,0,0,0
LATVIA,1,0,1,0,0
LEBANON,0,0,0,1,1
LIECHTENSTEIN,5,5,3,12,15
LITHUANIA,0,1,0,1,1
LUXEMBOURG,16,28,16,17,27
"MACAO, CHINA",0,2,1,1,0
MALAYSIA,5,7,6,4,3
MALTA,1,3,0,4,9
MAURITIUS,0,3,1,2,0
MEXICO,2,6,3,7,4
MONACO,0,3,2,5,5
MOROCCO,0,0,1,0,1
NAMIBIA,0,1,0,0,0
NETHERLANDS,90,141,98,130,223
NEW ZEALAND,9,19,13,9,23
NORWAY,21,31,21,30,45
OMAN,0,0,0,0,1
PANAMA,0,1,0,1,0
PHILIPPINES,0,3,2,0,1
POLAND,1,7,7,3,6
PORTUGAL,3,6,7,1,8
PUERTO RICO,0,10,5,4,2
QATAR,1,1,1,0,0
REPUBLIC OF KOREA,66,105,68,90,212
ROMANIA,1,0,0,0,0
RUSSIAN FEDERATION,10,16,14,7,12
SAINT KITTS AND NEVIS,0,0,0,0,1
SAMOA,1,0,0,1,0
SAN MARINO,0,1,0,0,0
SAUDI ARABIA,0,3,2,1,2
SERBIA,0,0,0,0,1
SEYCHELLES,1,0,0,2,0
SINGAPORE,26,63,49,37,79
SLOVAKIA,1,3,0,0,3
SLOVENIA,1,0,3,1,1
SOUTH AFRICA,6,4,3,6,4
SPAIN,45,70,39,41,70
SWEDEN,66,115,97,121,198
SWITZERLAND,562,815,522,614,866
"TAIWAN, CHINA",33,53,37,28,96
THAILAND,0,2,5,5,7
TUNISIA,0,0,1,0,1
TURKEY,2,5,3,5,12
UKRAINE,1,0,0,1,0
UNITED ARAB EMIRATES,1,2,3,2,2
UNITED KINGDOM,221,367,286,325,532
UNITED STATES OF AMERICA,2458,3604,2578,2850,4126
URUGUAY,1,1,0,0,0
VIET NAM,2,4,1,1,0
VIRGIN ISLANDS (BRITISH),29,24,16,17,27
TOTAL,6671,9651,6780,7658,14655
Total Countries/Regions,66,73,64,69,71
